epoch,step,train_loss
0,49,0.06523878872394562
0,99,0.03838668018579483
